{
    "orientation": [
        -0.5932604543246682,
        -0.21263579279993824,
        -0.2920991629135522,
        -0.7193789905050273
    ],
    "position": [
        1.3307213760582384,
        -1.7664852096847674,
        0.5647070463735351
    ]
}
