{
    "orientation": [
        -0.5932604543246682,
        -0.21263579279993824,
        -0.2920991629135522,
        -0.7193789905050273
    ],
    "position": [
        1.1616366129481601,
        -1.5555437698659351,
        0.4327715673231467
    ]
}
