{
    "orientation": [
        0.3268588983182627,
        -0.3072991156311653,
        0.8920900482789073,
        -0.05390602827339558
    ],
    "position": [
        1.3750778574675178,
        0.20251341427076244,
        1.7332264832093989
    ]
}
